date,a0009,a1019,a2029,a3039,a4049,a5059,a6069,a7079,a8089,a90,cases
2021/2/2,97.2,97.2,97.2,97.2,97.2,97.2,97.2,97.2,97.2,97.2,972
2021/2/3,97.2,97.2,97.2,97.2,97.2,97.2,97.2,97.2,97.2,97.2,972
2021/2/4,97.2,97.2,97.2,97.2,97.2,97.2,97.2,97.2,97.2,97.2,972
2021/2/5,97.2,97.2,97.2,97.2,97.2,97.2,97.2,97.2,97.2,97.2,972
2021/2/6,97.2,97.2,97.2,97.2,97.2,97.2,97.2,97.2,97.2,97.2,972
2021/2/7,97.2,97.2,97.2,97.2,97.2,97.2,97.2,97.2,97.2,97.2,972
2021/2/8,97.2,97.2,97.2,97.2,97.2,97.2,97.2,97.2,97.2,97.2,972
2021/2/9,97.2,97.2,97.2,97.2,97.2,97.2,97.2,97.2,97.2,97.2,972
2021/2/10,97.2,97.2,97.2,97.2,97.2,97.2,97.2,97.2,97.2,97.2,972
2021/2/11,97.2,97.2,97.2,97.2,97.2,97.2,97.2,97.2,97.2,97.2,972
2021/2/12,97.2,97.2,97.2,97.2,97.2,97.2,97.2,97.2,97.2,97.2,972
2021/2/13,97.2,97.2,97.2,97.2,97.2,97.2,97.2,97.2,97.2,97.2,972
2021/2/14,97.2,97.2,97.2,97.2,97.2,97.2,97.2,97.2,97.2,97.2,972
2021/2/15,97.2,97.2,97.2,97.2,97.2,97.2,97.2,97.2,97.2,97.2,972
2021/2/16,97.2,97.2,97.2,97.2,97.2,97.2,97.2,97.2,97.2,97.2,972
2021/2/17,97.2,97.2,97.2,97.2,97.2,97.2,97.2,97.2,97.2,97.2,972
2021/2/18,97.2,97.2,97.2,97.2,97.2,97.2,97.2,97.2,97.2,97.2,972
2021/2/19,92.6,92.6,92.6,92.6,92.6,92.6,92.6,92.6,92.6,92.6,926
2021/2/20,89.6,89.6,89.6,89.6,89.6,89.6,89.6,89.6,89.6,89.6,896
2021/2/21,89.6,89.6,89.6,89.6,89.6,89.6,89.6,89.6,89.6,89.6,896
2021/2/22,91.1,91.1,91.1,91.1,91.1,91.1,91.1,91.1,91.1,91.1,911
2021/2/23,95.7,95.7,95.7,95.7,95.7,95.7,95.7,95.7,95.7,95.7,957
2021/2/24,101.7,101.7,101.7,101.7,101.7,101.7,101.7,101.7,101.7,101.7,1017
2021/2/25,101.7,101.7,101.7,101.7,101.7,101.7,101.7,101.7,101.7,101.7,1017
2021/2/26,101.7,101.7,101.7,101.7,101.7,101.7,101.7,101.7,101.7,101.7,1017
2021/2/27,95.7,95.7,95.7,95.7,95.7,95.7,95.7,95.7,95.7,95.7,957
2021/2/28,98.7,98.7,98.7,98.7,98.7,98.7,98.7,98.7,98.7,98.7,987
2021/3/1,107.8,107.8,107.8,107.8,107.8,107.8,107.8,107.8,107.8,107.8,1078
2021/3/2,115.4,115.4,115.4,115.4,115.4,115.4,115.4,115.4,115.4,115.4,1154
2021/3/3,116.9,116.9,116.9,116.9,116.9,116.9,116.9,116.9,116.9,116.9,1169
2021/3/4,118.4,118.4,118.4,118.4,118.4,118.4,118.4,118.4,118.4,118.4,1184
2021/3/5,115.4,115.4,115.4,115.4,115.4,115.4,115.4,115.4,115.4,115.4,1154
2021/3/6,112.4,112.4,112.4,112.4,112.4,112.4,112.4,112.4,112.4,112.4,1124
2021/3/7,107.8,107.8,107.8,107.8,107.8,107.8,107.8,107.8,107.8,107.8,1078
2021/3/8,115.4,115.4,115.4,115.4,115.4,115.4,115.4,115.4,115.4,115.4,1154
2021/3/9,124.5,124.5,124.5,124.5,124.5,124.5,124.5,124.5,124.5,124.5,1245
2021/3/10,135.1,135.1,135.1,135.1,135.1,135.1,135.1,135.1,135.1,135.1,1351
2021/3/11,135.1,135.1,135.1,135.1,135.1,135.1,135.1,135.1,135.1,135.1,1351
2021/3/12,133.6,133.6,133.6,133.6,133.6,133.6,133.6,133.6,133.6,133.6,1336
2021/3/13,133.6,133.6,133.6,133.6,133.6,133.6,133.6,133.6,133.6,133.6,1336
2021/3/14,142.7,142.7,142.7,142.7,142.7,142.7,142.7,142.7,142.7,142.7,1427
2021/3/15,153.4,153.4,153.4,153.4,153.4,153.4,153.4,153.4,153.4,153.4,1534
2021/3/16,170.1,170.1,170.1,170.1,170.1,170.1,170.1,170.1,170.1,170.1,1701
2021/3/17,185.2,185.2,185.2,185.2,185.2,185.2,185.2,185.2,185.2,185.2,1852
2021/3/18,191.3,191.3,191.3,191.3,191.3,191.3,191.3,191.3,191.3,191.3,1913
2021/3/19,194.4,194.4,194.4,194.4,194.4,194.4,194.4,194.4,194.4,194.4,1944
2021/3/20,195.9,195.9,195.9,195.9,195.9,195.9,195.9,195.9,195.9,195.9,1959
2021/3/21,205,205,205,205,205,205,205,205,205,205,2050
2021/3/22,221.7,221.7,221.7,221.7,221.7,221.7,221.7,221.7,221.7,221.7,2217
2021/3/23,241.4,241.4,241.4,241.4,241.4,241.4,241.4,241.4,241.4,241.4,2414
2021/3/24,265.7,265.7,265.7,265.7,265.7,265.7,265.7,265.7,265.7,265.7,2657
2021/3/25,271.8,271.8,271.8,271.8,271.8,271.8,271.8,271.8,271.8,271.8,2718
2021/3/26,264.2,264.2,264.2,264.2,264.2,264.2,264.2,264.2,264.2,264.2,2642
2021/3/27,264.2,264.2,264.2,264.2,264.2,264.2,264.2,264.2,264.2,264.2,2642
2021/3/28,267.2,267.2,267.2,267.2,267.2,267.2,267.2,267.2,267.2,267.2,2672
2021/3/29,279.4,279.4,279.4,279.4,279.4,279.4,279.4,279.4,279.4,279.4,2794
2021/3/30,297.6,297.6,297.6,297.6,297.6,297.6,297.6,297.6,297.6,297.6,2976
2021/3/31,309.7,309.7,309.7,309.7,309.7,309.7,309.7,309.7,309.7,309.7,3097
2021/4/1,317.3,317.3,317.3,317.3,317.3,317.3,317.3,317.3,317.3,317.3,3173
2021/4/2,314.3,314.3,314.3,314.3,314.3,314.3,314.3,314.3,314.3,314.3,3143
2021/4/3,312.8,312.8,312.8,312.8,312.8,312.8,312.8,312.8,312.8,312.8,3128
2021/4/4,329.5,329.5,329.5,329.5,329.5,329.5,329.5,329.5,329.5,329.5,3295
2021/4/5,356.8,356.8,356.8,356.8,356.8,356.8,356.8,356.8,356.8,356.8,3568
2021/4/6,397.8,397.8,397.8,397.8,397.8,397.8,397.8,397.8,397.8,397.8,3978
2021/4/7,423.6,423.6,423.6,423.6,423.6,423.6,423.6,423.6,423.6,423.6,4236
2021/4/8,446.4,446.4,446.4,446.4,446.4,446.4,446.4,446.4,446.4,446.4,4464
2021/4/9,443.4,443.4,443.4,443.4,443.4,443.4,443.4,443.4,443.4,443.4,4434
2021/4/10,440.3,440.3,440.3,440.3,440.3,440.3,440.3,440.3,440.3,440.3,4403
2021/4/11,431.2,431.2,431.2,431.2,431.2,431.2,431.2,431.2,431.2,431.2,4312
2021/4/12,457,457,457,457,457,457,457,457,457,457,4570
2021/4/13,473.7,473.7,473.7,473.7,473.7,473.7,473.7,473.7,473.7,473.7,4737
2021/4/14,478.3,478.3,478.3,478.3,478.3,478.3,478.3,478.3,478.3,478.3,4783
2021/4/15,488.9,488.9,488.9,488.9,488.9,488.9,488.9,488.9,488.9,488.9,4889
2021/4/16,475.3,475.3,475.3,475.3,475.3,475.3,475.3,475.3,475.3,475.3,4753
2021/4/17,447.9,447.9,447.9,447.9,447.9,447.9,447.9,447.9,447.9,447.9,4479
2021/4/18,447.9,447.9,447.9,447.9,447.9,447.9,447.9,447.9,447.9,447.9,4479
2021/4/19,458.5,458.5,458.5,458.5,458.5,458.5,458.5,458.5,458.5,458.5,4585
2021/4/20,467.7,467.7,467.7,467.7,467.7,467.7,467.7,467.7,467.7,467.7,4677
2021/4/21,479.8,479.8,479.8,479.8,479.8,479.8,479.8,479.8,479.8,479.8,4798
2021/4/22,492,492,492,492,492,492,492,492,492,492,4920
2021/4/23,469.2,469.2,469.2,469.2,469.2,469.2,469.2,469.2,469.2,469.2,4692
2021/4/24,460.1,460.1,460.1,460.1,460.1,460.1,460.1,460.1,460.1,460.1,4601
2021/4/25,452.5,452.5,452.5,452.5,452.5,452.5,452.5,452.5,452.5,452.5,4525
2021/4/26,452.5,452.5,452.5,452.5,452.5,452.5,452.5,452.5,452.5,452.5,4525
2021/4/27,472.2,472.2,472.2,472.2,472.2,472.2,472.2,472.2,472.2,472.2,4722
2021/4/28,525.4,525.4,525.4,525.4,525.4,525.4,525.4,525.4,525.4,525.4,5254
2021/4/29,575.5,575.5,575.5,575.5,575.5,575.5,575.5,575.5,575.5,575.5,5755
2021/4/30,614.9,614.9,614.9,614.9,614.9,614.9,614.9,614.9,614.9,614.9,6149
2021/5/1,627.1,627.1,627.1,627.1,627.1,627.1,627.1,627.1,627.1,627.1,6271
2021/5/2,608.9,608.9,608.9,608.9,608.9,608.9,608.9,608.9,608.9,608.9,6089
2021/5/3,589.1,589.1,589.1,589.1,589.1,589.1,589.1,589.1,589.1,589.1,5891
2021/5/4,560.3,560.3,560.3,560.3,560.3,560.3,560.3,560.3,560.3,560.3,5603
2021/5/5,522.3,522.3,522.3,522.3,522.3,522.3,522.3,522.3,522.3,522.3,5223
2021/5/6,485.9,485.9,485.9,485.9,485.9,485.9,485.9,485.9,485.9,485.9,4859
2021/5/7,455.5,455.5,455.5,455.5,455.5,455.5,455.5,455.5,455.5,455.5,4555
2021/5/8,432.7,432.7,432.7,432.7,432.7,432.7,432.7,432.7,432.7,432.7,4327
2021/5/9,417.6,417.6,417.6,417.6,417.6,417.6,417.6,417.6,417.6,417.6,4176
2021/5/10,423.6,423.6,423.6,423.6,423.6,423.6,423.6,423.6,423.6,423.6,4236
2021/5/11,423.6,423.6,423.6,423.6,423.6,423.6,423.6,423.6,423.6,423.6,4236
2021/5/12,411.5,411.5,411.5,411.5,411.5,411.5,411.5,411.5,411.5,411.5,4115
2021/5/13,387.2,387.2,387.2,387.2,387.2,387.2,387.2,387.2,387.2,387.2,3872
2021/5/14,361.4,361.4,361.4,361.4,361.4,361.4,361.4,361.4,361.4,361.4,3614
2021/5/15,334,334,334,334,334,334,334,334,334,334,3340
2021/5/16,306.7,306.7,306.7,306.7,306.7,306.7,306.7,306.7,306.7,306.7,3067
2021/5/17,294.6,294.6,294.6,294.6,294.6,294.6,294.6,294.6,294.6,294.6,2946
2021/5/18,294.6,294.6,294.6,294.6,294.6,294.6,294.6,294.6,294.6,294.6,2946
2021/5/19,291.5,291.5,291.5,291.5,291.5,291.5,291.5,291.5,291.5,291.5,2915
2021/5/20,276.3,276.3,276.3,276.3,276.3,276.3,276.3,276.3,276.3,276.3,2763
2021/5/21,249,249,249,249,249,249,249,249,249,249,2490
2021/5/22,223.2,223.2,223.2,223.2,223.2,223.2,223.2,223.2,223.2,223.2,2232
2021/5/23,197.4,197.4,197.4,197.4,197.4,197.4,197.4,197.4,197.4,197.4,1974
2021/5/24,192.8,192.8,192.8,192.8,192.8,192.8,192.8,192.8,192.8,192.8,1928
2021/5/25,195.9,195.9,195.9,195.9,195.9,195.9,195.9,195.9,195.9,195.9,1959
2021/5/26,198.9,198.9,198.9,198.9,198.9,198.9,198.9,198.9,198.9,198.9,1989
2021/5/27,194.4,194.4,194.4,194.4,194.4,194.4,194.4,194.4,194.4,194.4,1944
2021/5/28,183.7,183.7,183.7,183.7,183.7,183.7,183.7,183.7,183.7,183.7,1837
2021/5/29,167,167,167,167,167,167,167,167,167,167,1670
2021/5/30,153.4,153.4,153.4,153.4,153.4,153.4,153.4,153.4,153.4,153.4,1534
2021/5/31,147.3,147.3,147.3,147.3,147.3,147.3,147.3,147.3,147.3,147.3,1473
2021/6/1,147.3,147.3,147.3,147.3,147.3,147.3,147.3,147.3,147.3,147.3,1473
2021/6/2,145.8,145.8,145.8,145.8,145.8,145.8,145.8,145.8,145.8,145.8,1458
2021/6/3,144.2,144.2,144.2,144.2,144.2,144.2,144.2,144.2,144.2,144.2,1442
2021/6/4,133.6,133.6,133.6,133.6,133.6,133.6,133.6,133.6,133.6,133.6,1336
2021/6/5,124.5,124.5,124.5,124.5,124.5,124.5,124.5,124.5,124.5,124.5,1245
2021/6/6,116.9,116.9,116.9,116.9,116.9,116.9,116.9,116.9,116.9,116.9,1169
2021/6/7,116.9,116.9,116.9,116.9,116.9,116.9,116.9,116.9,116.9,116.9,1169
2021/6/8,116.9,116.9,116.9,116.9,116.9,116.9,116.9,116.9,116.9,116.9,1169
2021/6/9,124.5,124.5,124.5,124.5,124.5,124.5,124.5,124.5,124.5,124.5,1245
2021/6/10,126,126,126,126,126,126,126,126,126,126,1260
2021/6/11,126,126,126,126,126,126,126,126,126,126,1260
2021/6/12,129.1,129.1,129.1,129.1,129.1,129.1,129.1,129.1,129.1,129.1,1291
2021/6/13,135.1,135.1,135.1,135.1,135.1,135.1,135.1,135.1,135.1,135.1,1351
2021/6/14,142.7,142.7,142.7,142.7,142.7,142.7,142.7,142.7,142.7,142.7,1427
2021/6/15,147.3,147.3,147.3,147.3,147.3,147.3,147.3,147.3,147.3,147.3,1473
2021/6/16,150.3,150.3,150.3,150.3,150.3,150.3,150.3,150.3,150.3,150.3,1503
2021/6/17,151.8,151.8,151.8,151.8,151.8,151.8,151.8,151.8,151.8,151.8,1518
2021/6/18,141.2,141.2,141.2,141.2,141.2,141.2,141.2,141.2,141.2,141.2,1412
2021/6/19,129.1,129.1,129.1,129.1,129.1,129.1,129.1,129.1,129.1,129.1,1291
2021/6/20,129.1,129.1,129.1,129.1,129.1,129.1,129.1,129.1,129.1,129.1,1291
2021/6/21,132.1,132.1,132.1,132.1,132.1,132.1,132.1,132.1,132.1,132.1,1321
2021/6/22,144.2,144.2,144.2,144.2,144.2,144.2,144.2,144.2,144.2,144.2,1442
2021/6/23,156.4,156.4,156.4,156.4,156.4,156.4,156.4,156.4,156.4,156.4,1564
2021/6/24,165.5,165.5,165.5,165.5,165.5,165.5,165.5,165.5,165.5,165.5,1655
2021/6/25,165.5,165.5,165.5,165.5,165.5,165.5,165.5,165.5,165.5,165.5,1655
2021/6/26,164,164,164,164,164,164,164,164,164,164,1640
2021/6/27,165.5,165.5,165.5,165.5,165.5,165.5,165.5,165.5,165.5,165.5,1655
2021/6/28,177.6,177.6,177.6,177.6,177.6,177.6,177.6,177.6,177.6,177.6,1776
2021/6/29,179.2,179.2,179.2,179.2,179.2,179.2,179.2,179.2,179.2,179.2,1792
2021/6/30,197.4,197.4,197.4,197.4,197.4,197.4,197.4,197.4,197.4,197.4,1974
2021/7/1,215.7,215.7,215.7,215.7,215.7,215.7,215.7,215.7,215.7,215.7,2157
2021/7/2,227.9,227.9,227.9,227.9,227.9,227.9,227.9,227.9,227.9,227.9,2279
2021/7/3,227.9,227.9,227.9,227.9,227.9,227.9,227.9,227.9,227.9,227.9,2279
2021/7/4,230.9,230.9,230.9,230.9,230.9,230.9,230.9,230.9,230.9,230.9,2309
2021/7/5,243.1,243.1,243.1,243.1,243.1,243.1,243.1,243.1,243.1,243.1,2431
2021/7/6,267.4,267.4,267.4,267.4,267.4,267.4,267.4,267.4,267.4,267.4,2674
2021/7/7,310,310,310,310,310,310,310,310,310,310,3100
2021/7/8,346.5,346.5,346.5,346.5,346.5,346.5,346.5,346.5,346.5,346.5,3465
2021/7/9,364.8,364.8,364.8,364.8,364.8,364.8,364.8,364.8,364.8,364.8,3648
2021/7/10,367.8,367.8,367.8,367.8,367.8,367.8,367.8,367.8,367.8,367.8,3678
2021/7/11,364.8,364.8,364.8,364.8,364.8,364.8,364.8,364.8,364.8,364.8,3648
2021/7/12,364.8,364.8,364.8,364.8,364.8,364.8,364.8,364.8,364.8,364.8,3648
2021/7/13,383,383,383,383,383,383,383,383,383,383,3830
2021/7/14,431.7,431.7,431.7,431.7,431.7,431.7,431.7,431.7,431.7,431.7,4317
2021/7/15,492.5,492.5,492.5,492.5,492.5,492.5,492.5,492.5,492.5,492.5,4925
2021/7/16,544.3,544.3,544.3,544.3,544.3,544.3,544.3,544.3,544.3,544.3,5443
2021/7/17,589.9,589.9,589.9,589.9,589.9,589.9,589.9,589.9,589.9,589.9,5899
2021/7/18,655.3,655.3,655.3,655.3,655.3,655.3,655.3,655.3,655.3,655.3,6553
2021/7/19,767.9,767.9,767.9,767.9,767.9,767.9,767.9,767.9,767.9,767.9,7679
2021/7/20,930.6,930.6,930.6,930.6,930.6,930.6,930.6,930.6,930.6,930.6,9306
2021/7/21,1116.2,1116.2,1116.2,1116.2,1116.2,1116.2,1116.2,1116.2,1116.2,1116.2,11162
2021/7/22,1259.2,1259.2,1259.2,1259.2,1259.2,1259.2,1259.2,1259.2,1259.2,1259.2,12592
2021/7/23,1310.9,1310.9,1310.9,1310.9,1310.9,1310.9,1310.9,1310.9,1310.9,1310.9,13109
2021/7/24,1269.9,1269.9,1269.9,1269.9,1269.9,1269.9,1269.9,1269.9,1269.9,1269.9,12699
2021/7/25,1210.5,1210.5,1210.5,1210.5,1210.5,1210.5,1210.5,1210.5,1210.5,1210.5,12105
2021/7/26,1201.4,1201.4,1201.4,1201.4,1201.4,1201.4,1201.4,1201.4,1201.4,1201.4,12014
2021/7/27,1265.3,1265.3,1265.3,1265.3,1265.3,1265.3,1265.3,1265.3,1265.3,1265.3,12653
2021/7/28,1394.6,1394.6,1394.6,1394.6,1394.6,1394.6,1394.6,1394.6,1394.6,1394.6,13946
2021/7/29,1517.8,1517.8,1517.8,1517.8,1517.8,1517.8,1517.8,1517.8,1517.8,1517.8,15178
2021/7/30,1557.3,1557.3,1557.3,1557.3,1557.3,1557.3,1557.3,1557.3,1557.3,1557.3,15573
2021/7/31,1533,1533,1533,1533,1533,1533,1533,1533,1533,1533,15330
2021/8/1,1449.3,1449.3,1449.3,1449.3,1449.3,1449.3,1449.3,1449.3,1449.3,1449.3,14493
2021/8/2,1429.6,1429.6,1429.6,1429.6,1429.6,1429.6,1429.6,1429.6,1429.6,1429.6,14296
2021/8/3,1484.3,1484.3,1484.3,1484.3,1484.3,1484.3,1484.3,1484.3,1484.3,1484.3,14843
2021/8/4,1627.3,1627.3,1627.3,1627.3,1627.3,1627.3,1627.3,1627.3,1627.3,1627.3,16273
2021/8/5,1800.7,1800.7,1800.7,1800.7,1800.7,1800.7,1800.7,1800.7,1800.7,1800.7,18007
2021/8/6,1925.5,1925.5,1925.5,1925.5,1925.5,1925.5,1925.5,1925.5,1925.5,1925.5,19255
2021/8/7,1965,1965,1965,1965,1965,1965,1965,1965,1965,1965,19650
2021/8/8,1965,1965,1965,1965,1965,1965,1965,1965,1965,1965,19650
2021/8/9,1968.1,1968.1,1968.1,1968.1,1968.1,1968.1,1968.1,1968.1,1968.1,1968.1,19681
2021/8/10,2083.7,2083.7,2083.7,2083.7,2083.7,2083.7,2083.7,2083.7,2083.7,2083.7,20837
2021/8/11,2272.3,2272.3,2272.3,2272.3,2272.3,2272.3,2272.3,2272.3,2272.3,2272.3,22723
2021/8/12,2430.5,2430.5,2430.5,2430.5,2430.5,2430.5,2430.5,2430.5,2430.5,2430.5,24305
2021/8/13,2451.4,2451.4,2451.4,2451.4,2451.4,2451.4,2451.4,2451.4,2451.4,2451.4,24514
2021/8/14,2328.6,2328.6,2328.6,2328.6,2328.6,2328.6,2328.6,2328.6,2328.6,2328.6,23286
2021/8/15,2114.1,2114.1,2114.1,2114.1,2114.1,2114.1,2114.1,2114.1,2114.1,2114.1,21141
2021/8/16,1945.2,1945.2,1945.2,1945.2,1945.2,1945.2,1945.2,1945.2,1945.2,1945.2,19452
2021/8/17,1890.5,1890.5,1890.5,1890.5,1890.5,1890.5,1890.5,1890.5,1890.5,1890.5,18905
2021/8/18,1896.6,1896.6,1896.6,1896.6,1896.6,1896.6,1896.6,1896.6,1896.6,1896.6,18966
2021/8/19,1910.3,1910.3,1910.3,1910.3,1910.3,1910.3,1910.3,1910.3,1910.3,1910.3,19103
2021/8/20,1867.7,1867.7,1867.7,1867.7,1867.7,1867.7,1867.7,1867.7,1867.7,1867.7,18677
2021/8/21,1733.8,1733.8,1733.8,1733.8,1733.8,1733.8,1733.8,1733.8,1733.8,1733.8,17338
2021/8/22,1558.9,1558.9,1558.9,1558.9,1558.9,1558.9,1558.9,1558.9,1558.9,1558.9,15589
2021/8/23,1399.1,1399.1,1399.1,1399.1,1399.1,1399.1,1399.1,1399.1,1399.1,1399.1,13991
2021/8/24,1298.8,1298.8,1298.8,1298.8,1298.8,1298.8,1298.8,1298.8,1298.8,1298.8,12988
2021/8/25,1231.8,1231.8,1231.8,1231.8,1231.8,1231.8,1231.8,1231.8,1231.8,1231.8,12318
2021/8/26,1169.5,1169.5,1169.5,1169.5,1169.5,1169.5,1169.5,1169.5,1169.5,1169.5,11695
2021/8/27,1079.7,1079.7,1079.7,1079.7,1079.7,1079.7,1079.7,1079.7,1079.7,1079.7,10797
2021/8/28,958,958,958,958,958,958,958,958,958,958,9580
2021/8/29,836.3,836.3,836.3,836.3,836.3,836.3,836.3,836.3,836.3,836.3,8363
2021/8/30,745.1,745.1,745.1,745.1,745.1,745.1,745.1,745.1,745.1,745.1,7451
2021/8/31,690.3,690.3,690.3,690.3,690.3,690.3,690.3,690.3,690.3,690.3,6903
2021/9/1,669,669,669,669,669,669,669,669,669,669,6690
2021/9/2,647.7,647.7,647.7,647.7,647.7,647.7,647.7,647.7,647.7,647.7,6477
2021/9/3,608.2,608.2,608.2,608.2,608.2,608.2,608.2,608.2,608.2,608.2,6082
2021/9/4,547.3,547.3,547.3,547.3,547.3,547.3,547.3,547.3,547.3,547.3,5473
2021/9/5,468.2,468.2,468.2,468.2,468.2,468.2,468.2,468.2,468.2,468.2,4682
2021/9/6,413.4,413.4,413.4,413.4,413.4,413.4,413.4,413.4,413.4,413.4,4134
2021/9/7,386.1,386.1,386.1,386.1,386.1,386.1,386.1,386.1,386.1,386.1,3861
2021/9/8,364.8,364.8,364.8,364.8,364.8,364.8,364.8,364.8,364.8,364.8,3648
2021/9/9,343.5,343.5,343.5,343.5,343.5,343.5,343.5,343.5,343.5,343.5,3435
2021/9/10,303.9,303.9,303.9,303.9,303.9,303.9,303.9,303.9,303.9,303.9,3039
2021/9/11,261.3,261.3,261.3,261.3,261.3,261.3,261.3,261.3,261.3,261.3,2613
2021/9/12,221.8,221.8,221.8,221.8,221.8,221.8,221.8,221.8,221.8,221.8,2218
2021/9/13,191.4,191.4,191.4,191.4,191.4,191.4,191.4,191.4,191.4,191.4,1914
2021/9/14,176.1,176.1,176.1,176.1,176.1,176.1,176.1,176.1,176.1,176.1,1761
2021/9/15,170.1,170.1,170.1,170.1,170.1,170.1,170.1,170.1,170.1,170.1,1701
2021/9/16,170.1,170.1,170.1,170.1,170.1,170.1,170.1,170.1,170.1,170.1,1701
2021/9/17,167,167,167,167,167,167,167,167,167,167,1670
2021/9/18,157.9,157.9,157.9,157.9,157.9,157.9,157.9,157.9,157.9,157.9,1579
2021/9/19,142.7,142.7,142.7,142.7,142.7,142.7,142.7,142.7,142.7,142.7,1427
2021/9/20,130.5,130.5,130.5,130.5,130.5,130.5,130.5,130.5,130.5,130.5,1305
2021/9/21,118.3,118.3,118.3,118.3,118.3,118.3,118.3,118.3,118.3,118.3,1183
2021/9/22,109.2,109.2,109.2,109.2,109.2,109.2,109.2,109.2,109.2,109.2,1092
2021/9/23,100.1,100.1,100.1,100.1,100.1,100.1,100.1,100.1,100.1,100.1,1001
2021/9/24,92.5,92.5,92.5,92.5,92.5,92.5,92.5,92.5,92.5,92.5,925
2021/9/25,84.9,84.9,84.9,84.9,84.9,84.9,84.9,84.9,84.9,84.9,849
2021/9/26,75.8,75.8,75.8,75.8,75.8,75.8,75.8,75.8,75.8,75.8,758
2021/9/27,66.6,66.6,66.6,66.6,66.6,66.6,66.6,66.6,66.6,66.6,666
2021/9/28,71.2,71.2,71.2,71.2,71.2,71.2,71.2,71.2,71.2,71.2,712
2021/9/29,75.8,75.8,75.8,75.8,75.8,75.8,75.8,75.8,75.8,75.8,758
2021/9/30,72.7,72.7,72.7,72.7,72.7,72.7,72.7,72.7,72.7,72.7,727
2021/10/1,69.7,69.7,69.7,69.7,69.7,69.7,69.7,69.7,69.7,69.7,697
2021/10/2,56,56,56,56,56,56,56,56,56,56,560
2021/10/3,42.3,42.3,42.3,42.3,42.3,42.3,42.3,42.3,42.3,42.3,423
2021/10/4,39.2,39.2,39.2,39.2,39.2,39.2,39.2,39.2,39.2,39.2,392
2021/10/5,42.2,42.2,42.2,42.2,42.2,42.2,42.2,42.2,42.2,42.2,422
2021/10/6,45.3,45.3,45.3,45.3,45.3,45.3,45.3,45.3,45.3,45.3,453
2021/10/7,48.4,48.4,48.4,48.4,48.4,48.4,48.4,48.4,48.4,48.4,484
2021/10/8,51.4,51.4,51.4,51.4,51.4,51.4,51.4,51.4,51.4,51.4,514
2021/10/9,42.3,42.3,42.3,42.3,42.3,42.3,42.3,42.3,42.3,42.3,423
2021/10/10,33.1,33.1,33.1,33.1,33.1,33.1,33.1,33.1,33.1,33.1,331
2021/10/11,24,24,24,24,24,24,24,24,24,24,240
2021/10/12,21,21,21,21,21,21,21,21,21,21,210
2021/10/13,17.9,17.9,17.9,17.9,17.9,17.9,17.9,17.9,17.9,17.9,179
2021/10/14,21,21,21,21,21,21,21,21,21,21,210
2021/10/15,24,24,24,24,24,24,24,24,24,24,240
2021/10/16,27.1,27.1,27.1,27.1,27.1,27.1,27.1,27.1,27.1,27.1,271
2021/10/17,30.1,30.1,30.1,30.1,30.1,30.1,30.1,30.1,30.1,30.1,301
2021/10/18,33.2,33.2,33.2,33.2,33.2,33.2,33.2,33.2,33.2,33.2,332
2021/10/19,33.2,33.2,33.2,33.2,33.2,33.2,33.2,33.2,33.2,33.2,332
2021/10/20,33.2,33.2,33.2,33.2,33.2,33.2,33.2,33.2,33.2,33.2,332
2021/10/21,33.2,33.2,33.2,33.2,33.2,33.2,33.2,33.2,33.2,33.2,332
2021/10/22,33.2,33.2,33.2,33.2,33.2,33.2,33.2,33.2,33.2,33.2,332
2021/10/23,32.8,32.8,32.8,32.8,32.8,32.8,32.8,32.8,32.8,32.8,328
2021/10/24,32.4,32.4,32.4,32.4,32.4,32.4,32.4,32.4,32.4,32.4,324
2021/10/25,32,32,32,32,32,32,32,32,32,32,320
2021/10/26,31.6,31.6,31.6,31.6,31.6,31.6,31.6,31.6,31.6,31.6,316
2021/10/27,31.2,31.2,31.2,31.2,31.2,31.2,31.2,31.2,31.2,31.2,312
2021/10/28,30.9,30.9,30.9,30.9,30.9,30.9,30.9,30.9,30.9,30.9,309
2021/10/29,30.5,30.5,30.5,30.5,30.5,30.5,30.5,30.5,30.5,30.5,305
2021/10/30,30.1,30.1,30.1,30.1,30.1,30.1,30.1,30.1,30.1,30.1,301
2021/10/31,29.7,29.7,29.7,29.7,29.7,29.7,29.7,29.7,29.7,29.7,297
2021/11/1,29.3,29.3,29.3,29.3,29.3,29.3,29.3,29.3,29.3,29.3,293
2021/11/2,28.9,28.9,28.9,28.9,28.9,28.9,28.9,28.9,28.9,28.9,289
2021/11/3,28.5,28.5,28.5,28.5,28.5,28.5,28.5,28.5,28.5,28.5,285
2021/11/4,28.1,28.1,28.1,28.1,28.1,28.1,28.1,28.1,28.1,28.1,281
2021/11/5,27.7,27.7,27.7,27.7,27.7,27.7,27.7,27.7,27.7,27.7,277
2021/11/6,27.3,27.3,27.3,27.3,27.3,27.3,27.3,27.3,27.3,27.3,273
2021/11/7,26.9,26.9,26.9,26.9,26.9,26.9,26.9,26.9,26.9,26.9,269
2021/11/8,26.6,26.6,26.6,26.6,26.6,26.6,26.6,26.6,26.6,26.6,266
2021/11/9,26.2,26.2,26.2,26.2,26.2,26.2,26.2,26.2,26.2,26.2,262
2021/11/10,25.8,25.8,25.8,25.8,25.8,25.8,25.8,25.8,25.8,25.8,258
2021/11/11,25.4,25.4,25.4,25.4,25.4,25.4,25.4,25.4,25.4,25.4,254
2021/11/12,25,25,25,25,25,25,25,25,25,25,250
2021/11/13,24.6,24.6,24.6,24.6,24.6,24.6,24.6,24.6,24.6,24.6,246
2021/11/14,24.2,24.2,24.2,24.2,24.2,24.2,24.2,24.2,24.2,24.2,242
2021/11/15,23.8,23.8,23.8,23.8,23.8,23.8,23.8,23.8,23.8,23.8,238
2021/11/16,23.4,23.4,23.4,23.4,23.4,23.4,23.4,23.4,23.4,23.4,234
2021/11/17,23,23,23,23,23,23,23,23,23,23,230
2021/11/18,22.6,22.6,22.6,22.6,22.6,22.6,22.6,22.6,22.6,22.6,226
2021/11/19,22.3,22.3,22.3,22.3,22.3,22.3,22.3,22.3,22.3,22.3,223
2021/11/20,21.9,21.9,21.9,21.9,21.9,21.9,21.9,21.9,21.9,21.9,219
2021/11/21,21.5,21.5,21.5,21.5,21.5,21.5,21.5,21.5,21.5,21.5,215
2021/11/22,21.1,21.1,21.1,21.1,21.1,21.1,21.1,21.1,21.1,21.1,211
2021/11/23,20.7,20.7,20.7,20.7,20.7,20.7,20.7,20.7,20.7,20.7,207
2021/11/24,20.3,20.3,20.3,20.3,20.3,20.3,20.3,20.3,20.3,20.3,203
2021/11/25,19.9,19.9,19.9,19.9,19.9,19.9,19.9,19.9,19.9,19.9,199
2021/11/26,19.5,19.5,19.5,19.5,19.5,19.5,19.5,19.5,19.5,19.5,195
2021/11/27,19.1,19.1,19.1,19.1,19.1,19.1,19.1,19.1,19.1,19.1,191
2021/11/28,18.7,18.7,18.7,18.7,18.7,18.7,18.7,18.7,18.7,18.7,187
2021/11/29,18.3,18.3,18.3,18.3,18.3,18.3,18.3,18.3,18.3,18.3,183
2021/11/30,17.9,17.9,17.9,17.9,17.9,17.9,17.9,17.9,17.9,17.9,179
