Infection,a0009,a1019,a2029,a3039,a4049,a5059,a6069,a7079,a8089,a90,cases
2021/2/2,92.61135017,92.61135017,92.61135017,92.61135017,92.61135017,92.61135017,92.61135017,92.61135017,92.61135017,92.61135017,926.1135017
2021/2/3,92.61135017,92.61135017,92.61135017,92.61135017,92.61135017,92.61135017,92.61135017,92.61135017,92.61135017,92.61135017,926.1135017
2021/2/4,92.61135017,92.61135017,92.61135017,92.61135017,92.61135017,92.61135017,92.61135017,92.61135017,92.61135017,92.61135017,926.1135017
2021/2/5,92.61135017,92.61135017,92.61135017,92.61135017,92.61135017,92.61135017,92.61135017,92.61135017,92.61135017,92.61135017,926.1135017
2021/2/6,92.61135017,92.61135017,92.61135017,92.61135017,92.61135017,92.61135017,92.61135017,92.61135017,92.61135017,92.61135017,926.1135017
2021/2/7,92.61135017,92.61135017,92.61135017,92.61135017,92.61135017,92.61135017,92.61135017,92.61135017,92.61135017,92.61135017,926.1135017
2021/2/8,92.61135017,92.61135017,92.61135017,92.61135017,92.61135017,92.61135017,92.61135017,92.61135017,92.61135017,92.61135017,926.1135017
2021/2/9,92.61135017,92.61135017,92.61135017,92.61135017,92.61135017,92.61135017,92.61135017,92.61135017,92.61135017,92.61135017,926.1135017
2021/2/10,92.61135017,92.61135017,92.61135017,92.61135017,92.61135017,92.61135017,92.61135017,92.61135017,92.61135017,92.61135017,926.1135017
2021/2/11,92.61135017,92.61135017,92.61135017,92.61135017,92.61135017,92.61135017,92.61135017,92.61135017,92.61135017,92.61135017,926.1135017
2021/2/12,92.61135017,92.61135017,92.61135017,92.61135017,92.61135017,92.61135017,92.61135017,92.61135017,92.61135017,92.61135017,926.1135017
2021/2/13,92.61135017,92.61135017,92.61135017,92.61135017,92.61135017,92.61135017,92.61135017,92.61135017,92.61135017,92.61135017,926.1135017
2021/2/14,92.61135017,92.61135017,92.61135017,92.61135017,92.61135017,92.61135017,92.61135017,92.61135017,92.61135017,92.61135017,926.1135017
2021/2/15,92.61135017,92.61135017,92.61135017,92.61135017,92.61135017,92.61135017,92.61135017,92.61135017,92.61135017,92.61135017,926.1135017
2021/2/16,92.61135017,92.61135017,92.61135017,92.61135017,92.61135017,92.61135017,92.61135017,92.61135017,92.61135017,92.61135017,926.1135017
2021/2/17,92.61135017,92.61135017,92.61135017,92.61135017,92.61135017,92.61135017,92.61135017,92.61135017,92.61135017,92.61135017,926.1135017
2021/2/18,96.70234025,96.70234025,96.70234025,96.70234025,96.70234025,96.70234025,96.70234025,96.70234025,96.70234025,96.70234025,967.0234025
2021/2/19,98.05532162,98.05532162,98.05532162,98.05532162,98.05532162,98.05532162,98.05532162,98.05532162,98.05532162,98.05532162,980.5532162
2021/2/20,92.5664858,92.5664858,92.5664858,92.5664858,92.5664858,92.5664858,92.5664858,92.5664858,92.5664858,92.5664858,925.664858
2021/2/21,89.81565869,89.81565869,89.81565869,89.81565869,89.81565869,89.81565869,89.81565869,89.81565869,89.81565869,89.81565869,898.1565869
2021/2/22,88.43191318,88.43191318,88.43191318,88.43191318,88.43191318,88.43191318,88.43191318,88.43191318,88.43191318,88.43191318,884.3191318
2021/2/23,89.78489455,89.78489455,89.78489455,89.78489455,89.78489455,89.78489455,89.78489455,89.78489455,89.78489455,89.78489455,897.8489455
2021/2/24,96.61389334,96.61389334,96.61389334,96.61389334,96.61389334,96.61389334,96.61389334,96.61389334,96.61389334,96.61389334,966.1389334
2021/2/25,102.071965,102.071965,102.071965,102.071965,102.071965,102.071965,102.071965,102.071965,102.071965,102.071965,1020.71965
2021/2/26,106.1616733,106.1616733,106.1616733,106.1616733,106.1616733,106.1616733,106.1616733,106.1616733,106.1616733,106.1616733,1061.616733
2021/2/27,99.30575584,99.30575584,99.30575584,99.30575584,99.30575584,99.30575584,99.30575584,99.30575584,99.30575584,99.30575584,993.0575584
2021/2/28,96.5536469,96.5536469,96.5536469,96.5536469,96.5536469,96.5536469,96.5536469,96.5536469,96.5536469,96.5536469,965.536469
2021/3/1,95.16990139,95.16990139,95.16990139,95.16990139,95.16990139,95.16990139,95.16990139,95.16990139,95.16990139,95.16990139,951.6990139
2021/3/2,101.9976183,101.9976183,101.9976183,101.9976183,101.9976183,101.9976183,101.9976183,101.9976183,101.9976183,101.9976183,1019.976183
2021/3/3,110.1936987,110.1936987,110.1936987,110.1936987,110.1936987,110.1936987,110.1936987,110.1936987,110.1936987,110.1936987,1101.936987
2021/3/4,117.0201338,117.0201338,117.0201338,117.0201338,117.0201338,117.0201338,117.0201338,117.0201338,117.0201338,117.0201338,1170.201338
2021/3/5,119.7421196,119.7421196,119.7421196,119.7421196,119.7421196,119.7421196,119.7421196,119.7421196,119.7421196,119.7421196,1197.421196
2021/3/6,116.9906515,116.9906515,116.9906515,116.9906515,116.9906515,116.9906515,116.9906515,116.9906515,116.9906515,116.9906515,1169.906515
2021/3/7,107.3967254,107.3967254,107.3967254,107.3967254,107.3967254,107.3967254,107.3967254,107.3967254,107.3967254,107.3967254,1073.967254
2021/3/8,106.0129799,106.0129799,106.0129799,106.0129799,106.0129799,106.0129799,106.0129799,106.0129799,106.0129799,106.0129799,1060.129799
2021/3/9,110.10397,110.10397,110.10397,110.10397,110.10397,110.10397,110.10397,110.10397,110.10397,110.10397,1101.0397
2021/3/10,121.0367773,121.0367773,121.0367773,121.0367773,121.0367773,121.0367773,121.0367773,121.0367773,121.0367773,121.0367773,1210.367773
2021/3/11,133.3366661,133.3366661,133.3366661,133.3366661,133.3366661,133.3366661,133.3366661,133.3366661,133.3366661,133.3366661,1333.366661
2021/3/12,137.4263744,137.4263744,137.4263744,137.4263744,137.4263744,137.4263744,137.4263744,137.4263744,137.4263744,137.4263744,1374.263744
2021/3/13,136.0439107,136.0439107,136.0439107,136.0439107,136.0439107,136.0439107,136.0439107,136.0439107,136.0439107,136.0439107,1360.439107
2021/3/14,130.5550749,130.5550749,130.5550749,130.5550749,130.5550749,130.5550749,130.5550749,130.5550749,130.5550749,130.5550749,1305.550749
2021/3/15,134.6447831,134.6447831,134.6447831,134.6447831,134.6447831,134.6447831,134.6447831,134.6447831,134.6447831,134.6447831,1346.447831
2021/3/16,151.0510441,151.0510441,151.0510441,151.0510441,151.0510441,151.0510441,151.0510441,151.0510441,151.0510441,151.0510441,1510.510441
2021/3/17,167.4573051,167.4573051,167.4573051,167.4573051,167.4573051,167.4573051,167.4573051,167.4573051,167.4573051,167.4573051,1674.573051
2021/3/18,185.2306478,185.2306478,185.2306478,185.2306478,185.2306478,185.2306478,185.2306478,185.2306478,185.2306478,185.2306478,1852.306478
2021/3/19,192.0583647,192.0583647,192.0583647,192.0583647,192.0583647,192.0583647,192.0583647,192.0583647,192.0583647,192.0583647,1920.583647
2021/3/20,192.0429826,192.0429826,192.0429826,192.0429826,192.0429826,192.0429826,192.0429826,192.0429826,192.0429826,192.0429826,1920.429826
2021/3/21,190.659878,190.659878,190.659878,190.659878,190.659878,190.659878,190.659878,190.659878,190.659878,190.659878,1906.59878
2021/3/22,198.8540357,198.8540357,198.8540357,198.8540357,198.8540357,198.8540357,198.8540357,198.8540357,198.8540357,198.8540357,1988.540357
2021/3/23,217.9970236,217.9970236,217.9970236,217.9970236,217.9970236,217.9970236,217.9970236,217.9970236,217.9970236,217.9970236,2179.970236
2021/3/24,242.6134652,242.6134652,242.6134652,242.6134652,242.6134652,242.6134652,242.6134652,242.6134652,242.6134652,242.6134652,2426.134652
2021/3/25,264.4925391,264.4925391,264.4925391,264.4925391,264.4925391,264.4925391,264.4925391,264.4925391,264.4925391,264.4925391,2644.925391
2021/3/26,274.7398828,274.7398828,274.7398828,274.7398828,274.7398828,274.7398828,274.7398828,274.7398828,274.7398828,274.7398828,2747.398828
2021/3/27,269.2516879,269.2516879,269.2516879,269.2516879,269.2516879,269.2516879,269.2516879,269.2516879,269.2516879,269.2516879,2692.516879
2021/3/28,258.97358,258.97358,258.97358,258.97358,258.97358,258.97358,258.97358,258.97358,258.97358,258.97358,2589.7358
2021/3/29,261.6949248,261.6949248,261.6949248,261.6949248,261.6949248,261.6949248,261.6949248,261.6949248,261.6949248,261.6949248,2616.949248
2021/3/30,275.364459,275.364459,275.364459,275.364459,275.364459,275.364459,275.364459,275.364459,275.364459,275.364459,2753.64459
2021/3/31,295.8751694,295.8751694,295.8751694,295.8751694,295.8751694,295.8751694,295.8751694,295.8751694,295.8751694,295.8751694,2958.751694
2021/4/1,315.0175163,315.0175163,315.0175163,315.0175163,315.0175163,315.0175163,315.0175163,315.0175163,315.0175163,315.0175163,3150.175163
2021/4/2,323.2129558,323.2129558,323.2129558,323.2129558,323.2129558,323.2129558,323.2129558,323.2129558,323.2129558,323.2129558,3232.129558
2021/4/3,313.6196706,313.6196706,313.6196706,313.6196706,313.6196706,313.6196706,313.6196706,313.6196706,313.6196706,313.6196706,3136.196706
2021/4/4,306.7624713,306.7624713,306.7624713,306.7624713,306.7624713,306.7624713,306.7624713,306.7624713,306.7624713,306.7624713,3067.624713
2021/4/5,317.6952786,317.6952786,317.6952786,317.6952786,317.6952786,317.6952786,317.6952786,317.6952786,317.6952786,317.6952786,3176.952786
2021/4/6,349.8364373,349.8364373,349.8364373,349.8364373,349.8364373,349.8364373,349.8364373,349.8364373,349.8364373,349.8364373,3498.364373
2021/4/7,391.5574219,391.5574219,391.5574219,391.5574219,391.5574219,391.5574219,391.5574219,391.5574219,391.5574219,391.5574219,3915.574219
2021/4/8,433.2771247,433.2771247,433.2771247,433.2771247,433.2771247,433.2771247,433.2771247,433.2771247,433.2771247,433.2771247,4332.771247
2021/4/9,454.4713759,454.4713759,454.4713759,454.4713759,454.4713759,454.4713759,454.4713759,454.4713759,454.4713759,454.4713759,4544.713759
2021/4/10,450.3521853,450.3521853,450.3521853,450.3521853,450.3521853,450.3521853,450.3521853,450.3521853,450.3521853,450.3521853,4503.521853
2021/4/11,431.1797151,431.1797151,431.1797151,431.1797151,431.1797151,431.1797151,431.1797151,431.1797151,431.1797151,431.1797151,4311.797151
2021/4/12,417.4819805,417.4819805,417.4819805,417.4819805,417.4819805,417.4819805,417.4819805,417.4819805,417.4819805,417.4819805,4174.819805
2021/4/13,431.1502328,431.1502328,431.1502328,431.1502328,431.1502328,431.1502328,431.1502328,431.1502328,431.1502328,431.1502328,4311.502328
2021/4/14,457.8198606,457.8198606,457.8198606,457.8198606,457.8198606,457.8198606,457.8198606,457.8198606,457.8198606,457.8198606,4578.198606
2021/4/15,484.4875655,484.4875655,484.4875655,484.4875655,484.4875655,484.4875655,484.4875655,484.4875655,484.4875655,484.4875655,4844.875655
2021/4/16,494.7355501,494.7355501,494.7355501,494.7355501,494.7355501,494.7355501,494.7355501,494.7355501,494.7355501,494.7355501,4947.355501
2021/4/17,478.9852704,478.9852704,478.9852704,478.9852704,478.9852704,478.9852704,478.9852704,478.9852704,478.9852704,478.9852704,4789.852704
2021/4/18,451.6013377,451.6013377,451.6013377,451.6013377,451.6013377,451.6013377,451.6013377,451.6013377,451.6013377,451.6013377,4516.013377
2021/4/19,439.9561483,439.9561483,439.9561483,439.9561483,439.9561483,439.9561483,439.9561483,439.9561483,439.9561483,439.9561483,4399.561483
2021/4/20,448.8364104,448.8364104,448.8364104,448.8364104,448.8364104,448.8364104,448.8364104,448.8364104,448.8364104,448.8364104,4488.364104
2021/4/21,471.399666,471.399666,471.399666,471.399666,471.399666,471.399666,471.399666,471.399666,471.399666,471.399666,4713.99666
2021/4/22,492.5932762,492.5932762,492.5932762,492.5932762,492.5932762,492.5932762,492.5932762,492.5932762,492.5932762,492.5932762,4925.932762
2021/4/23,498.7368115,498.7368115,498.7368115,498.7368115,498.7368115,498.7368115,498.7368115,498.7368115,498.7368115,498.7368115,4987.368115
2021/4/24,482.9852499,482.9852499,482.9852499,482.9852499,482.9852499,482.9852499,482.9852499,482.9852499,482.9852499,482.9852499,4829.852499
2021/4/25,459.7089712,459.7089712,459.7089712,459.7089712,459.7089712,459.7089712,459.7089712,459.7089712,459.7089712,459.7089712,4597.089712
2021/4/26,444.6415913,444.6415913,444.6415913,444.6415913,444.6415913,444.6415913,444.6415913,444.6415913,444.6415913,444.6415913,4446.415913
2021/4/27,444.6262093,444.6262093,444.6262093,444.6262093,444.6262093,444.6262093,444.6262093,444.6262093,444.6262093,444.6262093,4446.262093
2021/4/28,462.4021155,462.4021155,462.4021155,462.4021155,462.4021155,462.4021155,462.4021155,462.4021155,462.4021155,462.4021155,4624.021155
2021/4/29,497.9635419,497.9635419,497.9635419,497.9635419,497.9635419,497.9635419,497.9635419,497.9635419,497.9635419,497.9635419,4979.635419
2021/4/30,548.578248,548.578248,548.578248,548.578248,548.578248,548.578248,548.578248,548.578248,548.578248,548.578248,5485.78248
2021/5/1,599.1935949,599.1935949,599.1935949,599.1935949,599.1935949,599.1935949,599.1935949,599.1935949,599.1935949,599.1935949,5991.935949
2021/5/2,628.5980267,628.5980267,628.5980267,628.5980267,628.5980267,628.5980267,628.5980267,628.5980267,628.5980267,628.5980267,6285.980267
2021/5/3,627.2142812,627.2142812,627.2142812,627.2142812,627.2142812,627.2142812,627.2142812,627.2142812,627.2142812,627.2142812,6272.142812
2021/5/4,600.517094,600.517094,600.517094,600.517094,600.517094,600.517094,600.517094,600.517094,600.517094,600.517094,6005.17094
2021/5/5,559.4508088,559.4508088,559.4508088,559.4508088,559.4508088,559.4508088,559.4508088,559.4508088,559.4508088,559.4508088,5594.508088
2021/5/6,519.0699871,519.0699871,519.0699871,519.0699871,519.0699871,519.0699871,519.0699871,519.0699871,519.0699871,519.0699871,5190.699871
2021/5/7,482.792974,482.792974,482.792974,482.792974,482.792974,482.792974,482.792974,482.792974,482.792974,482.792974,4827.92974
2021/5/8,447.8843243,447.8843243,447.8843243,447.8843243,447.8843243,447.8843243,447.8843243,447.8843243,447.8843243,447.8843243,4478.843243
2021/5/9,425.2922273,425.2922273,425.2922273,425.2922273,425.2922273,425.2922273,425.2922273,425.2922273,425.2922273,425.2922273,4252.922273
2021/5/10,417.0666646,417.0666646,417.0666646,417.0666646,417.0666646,417.0666646,417.0666646,417.0666646,417.0666646,417.0666646,4170.666646
2021/5/11,421.1576547,421.1576547,421.1576547,421.1576547,421.1576547,421.1576547,421.1576547,421.1576547,421.1576547,421.1576547,4211.576547
2021/5/12,425.2473629,425.2473629,425.2473629,425.2473629,425.2473629,425.2473629,425.2473629,425.2473629,425.2473629,425.2473629,4252.473629
2021/5/13,419.759809,419.759809,419.759809,419.759809,419.759809,419.759809,419.759809,419.759809,419.759809,419.759809,4197.59809
2021/5/14,393.7455216,393.7455216,393.7455216,393.7455216,393.7455216,393.7455216,393.7455216,393.7455216,393.7455216,393.7455216,3937.455216
2021/5/15,353.3646999,353.3646999,353.3646999,353.3646999,353.3646999,353.3646999,353.3646999,353.3646999,353.3646999,353.3646999,3533.646999
2021/5/16,312.9819555,312.9819555,312.9819555,312.9819555,312.9819555,312.9819555,312.9819555,312.9819555,312.9819555,312.9819555,3129.819555
2021/5/17,292.4411219,292.4411219,292.4411219,292.4411219,292.4411219,292.4411219,292.4411219,292.4411219,292.4411219,292.4411219,2924.411219
2021/5/18,286.9554907,286.9554907,286.9554907,286.9554907,286.9554907,286.9554907,286.9554907,286.9554907,286.9554907,286.9554907,2869.554907
2021/5/19,295.1502892,295.1502892,295.1502892,295.1502892,295.1502892,295.1502892,295.1502892,295.1502892,295.1502892,295.1502892,2951.502892
2021/5/20,296.5032706,296.5032706,296.5032706,296.5032706,296.5032706,296.5032706,296.5032706,296.5032706,296.5032706,296.5032706,2965.032706
2021/5/21,278.6991639,278.6991639,278.6991639,278.6991639,278.6991639,278.6991639,278.6991639,278.6991639,278.6991639,278.6991639,2786.991639
2021/5/22,248.581068,248.581068,248.581068,248.581068,248.581068,248.581068,248.581068,248.581068,248.581068,248.581068,2485.81068
2021/5/23,215.7249634,215.7249634,215.7249634,215.7249634,215.7249634,215.7249634,215.7249634,215.7249634,215.7249634,215.7249634,2157.249634
2021/5/24,194.5012299,194.5012299,194.5012299,194.5012299,194.5012299,194.5012299,194.5012299,194.5012299,194.5012299,194.5012299,1945.012299
2021/5/25,189.0123941,189.0123941,189.0123941,189.0123941,189.0123941,189.0123941,189.0123941,189.0123941,189.0123941,189.0123941,1890.123941
2021/5/26,193.7862841,193.7862841,193.7862841,193.7862841,193.7862841,193.7862841,193.7862841,193.7862841,193.7862841,193.7862841,1937.862841
2021/5/27,203.3507279,203.3507279,203.3507279,203.3507279,203.3507279,203.3507279,203.3507279,203.3507279,203.3507279,203.3507279,2033.507279
2021/5/28,197.8606102,197.8606102,197.8606102,197.8606102,197.8606102,197.8606102,197.8606102,197.8606102,197.8606102,197.8606102,1978.606102
2021/5/29,182.795794,182.795794,182.795794,182.795794,182.795794,182.795794,182.795794,182.795794,182.795794,182.795794,1827.95794
2021/5/30,164.3075056,164.3075056,164.3075056,164.3075056,164.3075056,164.3075056,164.3075056,164.3075056,164.3075056,164.3075056,1643.075056
2021/5/31,148.5572258,148.5572258,148.5572258,148.5572258,148.5572258,148.5572258,148.5572258,148.5572258,148.5572258,148.5572258,1485.572258
2021/6/1,143.06839,143.06839,143.06839,143.06839,143.06839,143.06839,143.06839,143.06839,143.06839,143.06839,1430.6839
2021/6/2,141.6859263,141.6859263,141.6859263,141.6859263,141.6859263,141.6859263,141.6859263,141.6859263,141.6859263,141.6859263,1416.859263
2021/6/3,145.7756345,145.7756345,145.7756345,145.7756345,145.7756345,145.7756345,145.7756345,145.7756345,145.7756345,145.7756345,1457.756345
2021/6/4,144.3912481,144.3912481,144.3912481,144.3912481,144.3912481,144.3912481,144.3912481,144.3912481,144.3912481,144.3912481,1443.912481
2021/6/5,134.115063,134.115063,134.115063,134.115063,134.115063,134.115063,134.115063,134.115063,134.115063,134.115063,1341.15063
2021/6/6,119.7318649,119.7318649,119.7318649,119.7318649,119.7318649,119.7318649,119.7318649,119.7318649,119.7318649,119.7318649,1197.318649
2021/6/7,113.5594882,113.5594882,113.5594882,113.5594882,113.5594882,113.5594882,113.5594882,113.5594882,113.5594882,113.5594882,1135.594882
2021/6/8,112.8605654,112.8605654,112.8605654,112.8605654,112.8605654,112.8605654,112.8605654,112.8605654,112.8605654,112.8605654,1128.605654
2021/6/9,115.583192,115.583192,115.583192,115.583192,115.583192,115.583192,115.583192,115.583192,115.583192,115.583192,1155.83192
2021/6/10,121.7260863,121.7260863,121.7260863,121.7260863,121.7260863,121.7260863,121.7260863,121.7260863,121.7260863,121.7260863,1217.260863
2021/6/11,125.8164355,125.8164355,125.8164355,125.8164355,125.8164355,125.8164355,125.8164355,125.8164355,125.8164355,125.8164355,1258.164355
2021/6/12,125.1168717,125.1168717,125.1168717,125.1168717,125.1168717,125.1168717,125.1168717,125.1168717,125.1168717,125.1168717,1251.168717
2021/6/13,125.1021305,125.1021305,125.1021305,125.1021305,125.1021305,125.1021305,125.1021305,125.1021305,125.1021305,125.1021305,1251.021305
2021/6/14,129.1924797,129.1924797,129.1924797,129.1924797,129.1924797,129.1924797,129.1924797,129.1924797,129.1924797,129.1924797,1291.924797
2021/6/15,134.6505514,134.6505514,134.6505514,134.6505514,134.6505514,134.6505514,134.6505514,134.6505514,134.6505514,134.6505514,1346.505514
2021/6/16,144.8991769,144.8991769,144.8991769,144.8991769,144.8991769,144.8991769,144.8991769,144.8991769,144.8991769,144.8991769,1448.991769
2021/6/17,151.0414303,151.0414303,151.0414303,151.0414303,151.0414303,151.0414303,151.0414303,151.0414303,151.0414303,151.0414303,1510.414303
2021/6/18,148.2893214,148.2893214,148.2893214,148.2893214,148.2893214,148.2893214,148.2893214,148.2893214,148.2893214,148.2893214,1482.893214
2021/6/19,139.3808588,139.3808588,139.3808588,139.3808588,139.3808588,139.3808588,139.3808588,139.3808588,139.3808588,139.3808588,1393.808588
2021/6/20,131.155937,131.155937,131.155937,131.155937,131.155937,131.155937,131.155937,131.155937,131.155937,131.155937,1311.55937
2021/6/21,124.9829195,124.9829195,124.9829195,124.9829195,124.9829195,124.9829195,124.9829195,124.9829195,124.9829195,124.9829195,1249.829195
2021/6/22,129.0726277,129.0726277,129.0726277,129.0726277,129.0726277,129.0726277,129.0726277,129.0726277,129.0726277,129.0726277,1290.726277
2021/6/23,142.7428028,142.7428028,142.7428028,142.7428028,142.7428028,142.7428028,142.7428028,142.7428028,142.7428028,142.7428028,1427.428028
2021/6/24,155.7275143,155.7275143,155.7275143,155.7275143,155.7275143,155.7275143,155.7275143,155.7275143,155.7275143,155.7275143,1557.275143
2021/6/25,164.6071355,164.6071355,164.6071355,164.6071355,164.6071355,164.6071355,164.6071355,164.6071355,164.6071355,164.6071355,1646.071355
2021/6/26,163.22339,163.22339,163.22339,163.22339,163.22339,163.22339,163.22339,163.22339,163.22339,163.22339,1632.2339
2021/6/27,159.7870993,159.7870993,159.7870993,159.7870993,159.7870993,159.7870993,159.7870993,159.7870993,159.7870993,159.7870993,1597.870993
2021/6/28,161.1407216,161.1407216,161.1407216,161.1407216,161.1407216,161.1407216,161.1407216,161.1407216,161.1407216,161.1407216,1611.407216
2021/6/29,172.0741698,172.0741698,172.0741698,172.0741698,172.0741698,172.0741698,172.0741698,172.0741698,172.0741698,172.0741698,1720.741698
2021/6/30,189.8468715,189.8468715,189.8468715,189.8468715,189.8468715,189.8468715,189.8468715,189.8468715,189.8468715,189.8468715,1898.468715
2021/7/1,209.6740411,209.6740411,209.6740411,209.6740411,209.6740411,209.6740411,209.6740411,209.6740411,209.6740411,209.6740411,2096.740411
2021/7/2,224.027116,224.027116,224.027116,224.027116,224.027116,224.027116,224.027116,224.027116,224.027116,224.027116,2240.27116
2021/7/3,223.3275522,223.3275522,223.3275522,223.3275522,223.3275522,223.3275522,223.3275522,223.3275522,223.3275522,223.3275522,2233.275522
2021/7/4,221.9438067,221.9438067,221.9438067,221.9438067,221.9438067,221.9438067,221.9438067,221.9438067,221.9438067,221.9438067,2219.438067
2021/7/5,232.876614,232.876614,232.876614,232.876614,232.876614,232.876614,232.876614,232.876614,232.876614,232.876614,2328.76614
2021/7/6,260.2291416,260.2291416,260.2291416,260.2291416,260.2291416,260.2291416,260.2291416,260.2291416,260.2291416,260.2291416,2602.291416
2021/7/7,302.6330261,302.6330261,302.6330261,302.6330261,302.6330261,302.6330261,302.6330261,302.6330261,302.6330261,302.6330261,3026.330261
2021/7/8,340.9331021,340.9331021,340.9331021,340.9331021,340.9331021,340.9331021,340.9331021,340.9331021,340.9331021,340.9331021,3409.331021
2021/7/9,364.1798985,364.1798985,364.1798985,364.1798985,364.1798985,364.1798985,364.1798985,364.1798985,364.1798985,364.1798985,3641.798985
2021/7/10,364.1664391,364.1664391,364.1664391,364.1664391,364.1664391,364.1664391,364.1664391,364.1664391,364.1664391,364.1664391,3641.664391
2021/7/11,354.5712312,354.5712312,354.5712312,354.5712312,354.5712312,354.5712312,354.5712312,354.5712312,354.5712312,354.5712312,3545.712312
2021/7/12,356.6083943,356.6083943,356.6083943,356.6083943,356.6083943,356.6083943,356.6083943,356.6083943,356.6083943,356.6083943,3566.083943
2021/7/13,381.9096585,381.9096585,381.9096585,381.9096585,381.9096585,381.9096585,381.9096585,381.9096585,381.9096585,381.9096585,3819.096585
2021/7/14,429.7869968,429.7869968,429.7869968,429.7869968,429.7869968,429.7869968,429.7869968,429.7869968,429.7869968,429.7869968,4297.869968
2021/7/15,487.2441609,487.2441609,487.2441609,487.2441609,487.2441609,487.2441609,487.2441609,487.2441609,487.2441609,487.2441609,4872.441609
2021/7/16,537.858226,537.858226,537.858226,537.858226,537.858226,537.858226,537.858226,537.858226,537.858226,537.858226,5378.58226
2021/7/17,586.4210278,586.4210278,586.4210278,586.4210278,586.4210278,586.4210278,586.4210278,586.4210278,586.4210278,586.4210278,5864.210278
2021/7/18,647.2984596,647.2984596,647.2984596,647.2984596,647.2984596,647.2984596,647.2984596,647.2984596,647.2984596,647.2984596,6472.984596
2021/7/19,758.1211569,758.1211569,758.1211569,758.1211569,758.1211569,758.1211569,758.1211569,758.1211569,758.1211569,758.1211569,7581.211569
2021/7/20,923.6777507,923.6777507,923.6777507,923.6777507,923.6777507,923.6777507,923.6777507,923.6777507,923.6777507,923.6777507,9236.777507
2021/7/21,1110.443337,1110.443337,1110.443337,1110.443337,1110.443337,1110.443337,1110.443337,1110.443337,1110.443337,1110.443337,11104.43337
2021/7/22,1254.79222,1254.79222,1254.79222,1254.79222,1254.79222,1254.79222,1254.79222,1254.79222,1254.79222,1254.79222,12547.9222
2021/7/23,1307.459471,1307.459471,1307.459471,1307.459471,1307.459471,1307.459471,1307.459471,1307.459471,1307.459471,1307.459471,13074.59471
2021/7/24,1270.498277,1270.498277,1270.498277,1270.498277,1270.498277,1270.498277,1270.498277,1270.498277,1270.498277,1270.498277,12704.98277
2021/7/25,1204.80145,1204.80145,1204.80145,1204.80145,1204.80145,1204.80145,1204.80145,1204.80145,1204.80145,1204.80145,12048.0145
2021/7/26,1191.104356,1191.104356,1191.104356,1191.104356,1191.104356,1191.104356,1191.104356,1191.104356,1191.104356,1191.104356,11911.04356
2021/7/27,1260.875509,1260.875509,1260.875509,1260.875509,1260.875509,1260.875509,1260.875509,1260.875509,1260.875509,1260.875509,12608.75509
2021/7/28,1390.855294,1390.855294,1390.855294,1390.855294,1390.855294,1390.855294,1390.855294,1390.855294,1390.855294,1390.855294,13908.55294
2021/7/29,1509.887531,1509.887531,1509.887531,1509.887531,1509.887531,1509.887531,1509.887531,1509.887531,1509.887531,1509.887531,15098.87531
2021/7/30,1555.712325,1555.712325,1555.712325,1555.712325,1555.712325,1555.712325,1555.712325,1555.712325,1555.712325,1555.712325,15557.12325
2021/7/31,1519.437234,1519.437234,1519.437234,1519.437234,1519.437234,1519.437234,1519.437234,1519.437234,1519.437234,1519.437234,15194.37234
2021/8/1,1446.213767,1446.213767,1446.213767,1446.213767,1446.213767,1446.213767,1446.213767,1446.213767,1446.213767,1446.213767,14462.13767
2021/8/2,1418.832398,1418.832398,1418.832398,1418.832398,1418.832398,1418.832398,1418.832398,1418.832398,1418.832398,1418.832398,14188.32398
2021/8/3,1479.025007,1479.025007,1479.025007,1479.025007,1479.025007,1479.025007,1479.025007,1479.025007,1479.025007,1479.025007,14790.25007
2021/8/4,1623.37325,1623.37325,1623.37325,1623.37325,1623.37325,1623.37325,1623.37325,1623.37325,1623.37325,1623.37325,16233.7325
2021/8/5,1793.034934,1793.034934,1793.034934,1793.034934,1793.034934,1793.034934,1793.034934,1793.034934,1793.034934,1793.034934,17930.34934
2021/8/6,1918.91027,1918.91027,1918.91027,1918.91027,1918.91027,1918.91027,1918.91027,1918.91027,1918.91027,1918.91027,19189.1027
2021/8/7,1961.998977,1961.998977,1961.998977,1961.998977,1961.998977,1961.998977,1961.998977,1961.998977,1961.998977,1961.998977,19619.98977
2021/8/8,1946.245493,1946.245493,1946.245493,1946.245493,1946.245493,1946.245493,1946.245493,1946.245493,1946.245493,1946.245493,19462.45493
2021/8/9,1960.60049,1960.60049,1960.60049,1960.60049,1960.60049,1960.60049,1960.60049,1960.60049,1960.60049,1960.60049,19606.0049
2021/8/10,2076.211819,2076.211819,2076.211819,2076.211819,2076.211819,2076.211819,2076.211819,2076.211819,2076.211819,2076.211819,20762.11819
2021/8/11,2266.400877,2266.400877,2266.400877,2266.400877,2266.400877,2266.400877,2266.400877,2266.400877,2266.400877,2266.400877,22664.00877
2021/8/12,2427.85174,2427.85174,2427.85174,2427.85174,2427.85174,2427.85174,2427.85174,2427.85174,2427.85174,2427.85174,24278.5174
2021/8/13,2457.257454,2457.257454,2457.257454,2457.257454,2457.257454,2457.257454,2457.257454,2457.257454,2457.257454,2457.257454,24572.57454
2021/8/14,2322.458273,2322.458273,2322.458273,2322.458273,2322.458273,2322.458273,2322.458273,2322.458273,2322.458273,2322.458273,23224.58273
2021/8/15,2107.612395,2107.612395,2107.612395,2107.612395,2107.612395,2107.612395,2107.612395,2107.612395,2107.612395,2107.612395,21076.12395
2021/8/16,1939.972492,1939.972492,1939.972492,1939.972492,1939.972492,1939.972492,1939.972492,1939.972492,1939.972492,1939.972492,19399.72492
2021/8/17,1877.013032,1877.013032,1877.013032,1877.013032,1877.013032,1877.013032,1877.013032,1877.013032,1877.013032,1877.013032,18770.13032
2021/8/18,1891.365466,1891.365466,1891.365466,1891.365466,1891.365466,1891.365466,1891.365466,1891.365466,1891.365466,1891.365466,18913.65466
2021/8/19,1909.138168,1909.138168,1909.138168,1909.138168,1909.138168,1909.138168,1909.138168,1909.138168,1909.138168,1909.138168,19091.38168
2021/8/20,1860.548448,1860.548448,1860.548448,1860.548448,1860.548448,1860.548448,1860.548448,1860.548448,1860.548448,1860.548448,18605.48448
2021/8/21,1723.69544,1723.69544,1723.69544,1723.69544,1723.69544,1723.69544,1723.69544,1723.69544,1723.69544,1723.69544,17236.9544
2021/8/22,1547.845997,1547.845997,1547.845997,1547.845997,1547.845997,1547.845997,1547.845997,1547.845997,1547.845997,1547.845997,15478.45997
2021/8/23,1393.890369,1393.890369,1393.890369,1393.890369,1393.890369,1393.890369,1393.890369,1393.890369,1393.890369,1393.890369,13938.90369
2021/8/24,1291.933193,1291.933193,1291.933193,1291.933193,1291.933193,1291.933193,1291.933193,1291.933193,1291.933193,1291.933193,12919.33193
2021/8/25,1226.237007,1226.237007,1226.237007,1226.237007,1226.237007,1226.237007,1226.237007,1226.237007,1226.237007,1226.237007,12262.37007
2021/8/26,1160.539539,1160.539539,1160.539539,1160.539539,1160.539539,1160.539539,1160.539539,1160.539539,1160.539539,1160.539539,11605.39539
2021/8/27,1069.52927,1069.52927,1069.52927,1069.52927,1069.52927,1069.52927,1069.52927,1069.52927,1069.52927,1069.52927,10695.2927
2021/8/28,951.1504508,951.1504508,951.1504508,951.1504508,951.1504508,951.1504508,951.1504508,951.1504508,951.1504508,951.1504508,9511.504508
2021/8/29,830.0361863,830.0361863,830.0361863,830.0361863,830.0361863,830.0361863,830.0361863,830.0361863,830.0361863,830.0361863,8300.361863
2021/8/30,735.6037271,735.6037271,735.6037271,735.6037271,735.6037271,735.6037271,735.6037271,735.6037271,735.6037271,735.6037271,7356.037271
2021/8/31,681.5392711,681.5392711,681.5392711,681.5392711,681.5392711,681.5392711,681.5392711,681.5392711,681.5392711,681.5392711,6815.392711
2021/9/1,658.2629924,658.2629924,658.2629924,658.2629924,658.2629924,658.2629924,658.2629924,658.2629924,658.2629924,658.2629924,6582.629924
2021/9/2,639.0905222,639.0905222,639.0905222,639.0905222,639.0905222,639.0905222,639.0905222,639.0905222,639.0905222,639.0905222,6390.905222
2021/9/3,599.3926005,599.3926005,599.3926005,599.3926005,599.3926005,599.3926005,599.3926005,599.3926005,599.3926005,599.3926005,5993.926005
2021/9/4,533.6957734,533.6957734,533.6957734,533.6957734,533.6957734,533.6957734,533.6957734,533.6957734,533.6957734,533.6957734,5336.957734
2021/9/5,463.8951379,463.8951379,463.8951379,463.8951379,463.8951379,463.8951379,463.8951379,463.8951379,463.8951379,463.8951379,4638.951379
2021/9/6,411.8819452,411.8819452,411.8819452,411.8819452,411.8819452,411.8819452,411.8819452,411.8819452,411.8819452,411.8819452,4118.819452
2021/9/7,378.3429407,378.3429407,378.3429407,378.3429407,378.3429407,378.3429407,378.3429407,378.3429407,378.3429407,378.3429407,3783.429407
2021/9/8,355.7502029,355.7502029,355.7502029,355.7502029,355.7502029,355.7502029,355.7502029,355.7502029,355.7502029,355.7502029,3557.502029
2021/9/9,333.8416467,333.8416467,333.8416467,333.8416467,333.8416467,333.8416467,333.8416467,333.8416467,333.8416467,333.8416467,3338.416467
2021/9/10,298.932997,298.932997,298.932997,298.932997,298.932997,298.932997,298.932997,298.932997,298.932997,298.932997,2989.32997
2021/9/11,257.1838119,257.1838119,257.1838119,257.1838119,257.1838119,257.1838119,257.1838119,257.1838119,257.1838119,257.1838119,2571.838119
2021/9/12,212.6966181,212.6966181,212.6966181,212.6966181,212.6966181,212.6966181,212.6966181,212.6966181,212.6966181,212.6966181,2126.966181
2021/9/13,181.8943406,181.8943406,181.8943406,181.8943406,181.8943406,181.8943406,181.8943406,181.8943406,181.8943406,181.8943406,1818.943406
2021/9/14,166.142138,166.142138,166.142138,166.142138,166.142138,166.142138,166.142138,166.142138,166.142138,166.142138,1661.42138
2021/9/15,164.7590334,164.7590334,164.7590334,164.7590334,164.7590334,164.7590334,164.7590334,164.7590334,164.7590334,164.7590334,1647.590334
2021/9/16,169.5342052,169.5342052,169.5342052,169.5342052,169.5342052,169.5342052,169.5342052,169.5342052,169.5342052,169.5342052,1695.342052
2021/9/17,167.4675599,167.4675599,167.4675599,167.4675599,167.4675599,167.4675599,167.4675599,167.4675599,167.4675599,167.4675599,1674.675599
2021/9/18,157.8736337,157.8736337,157.8736337,157.8736337,157.8736337,157.8736337,157.8736337,157.8736337,157.8736337,157.8736337,1578.736337
2021/9/19,140.068886,140.068886,140.068886,140.068886,140.068886,140.068886,140.068886,140.068886,140.068886,140.068886,1400.68886
2021/9/20,122.2660611,122.2660611,122.2660611,122.2660611,122.2660611,122.2660611,122.2660611,122.2660611,122.2660611,122.2660611,1222.660611
2021/9/21,111.3044125,111.3044125,111.3044125,111.3044125,111.3044125,111.3044125,111.3044125,111.3044125,111.3044125,111.3044125,1113.044125
2021/9/22,103.0801316,103.0801316,103.0801316,103.0801316,103.0801316,103.0801316,103.0801316,103.0801316,103.0801316,103.0801316,1030.801316
2021/9/23,94.85456892,94.85456892,94.85456892,94.85456892,94.85456892,94.85456892,94.85456892,94.85456892,94.85456892,94.85456892,948.5456892
2021/9/24,87.31382887,87.31382887,87.31382887,87.31382887,87.31382887,87.31382887,87.31382887,87.31382887,87.31382887,87.31382887,873.1382887
2021/9/25,76.35218022,76.35218022,76.35218022,76.35218022,76.35218022,76.35218022,76.35218022,76.35218022,76.35218022,76.35218022,763.5218022
2021/9/26,69.49498096,69.49498096,69.49498096,69.49498096,69.49498096,69.49498096,69.49498096,69.49498096,69.49498096,69.49498096,694.9498096
2021/9/27,66.74415385,66.74415385,66.74415385,66.74415385,66.74415385,66.74415385,66.74415385,66.74415385,66.74415385,66.74415385,667.4415385
2021/9/28,64.67622662,64.67622662,64.67622662,64.67622662,64.67622662,64.67622662,64.67622662,64.67622662,64.67622662,64.67622662,646.7622662
2021/9/29,63.97794467,63.97794467,63.97794467,63.97794467,63.97794467,63.97794467,63.97794467,63.97794467,63.97794467,63.97794467,639.7794467
2021/9/30,61.22711757,61.22711757,61.22711757,61.22711757,61.22711757,61.22711757,61.22711757,61.22711757,61.22711757,61.22711757,612.2711757
2021/10/1,55.73764083,55.73764083,55.73764083,55.73764083,55.73764083,55.73764083,55.73764083,55.73764083,55.73764083,55.73764083,557.3764083
2021/10/2,50.24880501,50.24880501,50.24880501,50.24880501,50.24880501,50.24880501,50.24880501,50.24880501,50.24880501,50.24880501,502.4880501
2021/10/3,44.07642839,44.07642839,44.07642839,44.07642839,44.07642839,44.07642839,44.07642839,44.07642839,44.07642839,44.07642839,440.7642839
2021/10/4,37.90405177,37.90405177,37.90405177,37.90405177,37.90405177,37.90405177,37.90405177,37.90405177,37.90405177,37.90405177,379.0405177
2021/10/5,38.57349233,38.57349233,38.57349233,38.57349233,38.57349233,38.57349233,38.57349233,38.57349233,38.57349233,38.57349233,385.7349233
2021/10/6,41.29611898,41.29611898,41.29611898,41.29611898,41.29611898,41.29611898,41.29611898,41.29611898,41.29611898,41.29611898,412.9611898
2021/10/7,39.22819175,39.22819175,39.22819175,39.22819175,39.22819175,39.22819175,39.22819175,39.22819175,39.22819175,39.22819175,392.2819175
2021/10/8,37.16154636,37.16154636,37.16154636,37.16154636,37.16154636,37.16154636,37.16154636,37.16154636,37.16154636,37.16154636,371.6154636
2021/10/9,33.04107398,33.04107398,33.04107398,33.04107398,33.04107398,33.04107398,33.04107398,33.04107398,33.04107398,33.04107398,330.4107398
2021/10/10,26.18451564,26.18451564,26.18451564,26.18451564,26.18451564,26.18451564,26.18451564,26.18451564,26.18451564,26.18451564,261.8451564
2021/10/11,21.38050246,21.38050246,21.38050246,21.38050246,21.38050246,21.38050246,21.38050246,21.38050246,21.38050246,21.38050246,213.8050246
2021/10/12,17.94421179,17.94421179,17.94421179,17.94421179,17.94421179,17.94421179,17.94421179,17.94421179,17.94421179,17.94421179,179.4421179
2021/10/13,17.93011156,17.93011156,17.93011156,17.93011156,17.93011156,17.93011156,17.93011156,17.93011156,17.93011156,17.93011156,179.3011156
2021/10/14,17.91472949,17.91472949,17.91472949,17.91472949,17.91472949,17.91472949,17.91472949,17.91472949,17.91472949,17.91472949,179.1472949
2021/10/15,19.95317441,19.95317441,19.95317441,19.95317441,19.95317441,19.95317441,19.95317441,19.95317441,19.95317441,19.95317441,199.5317441
2021/10/16,19.93843326,19.93843326,19.93843326,19.93843326,19.93843326,19.93843326,19.93843326,19.93843326,19.93843326,19.93843326,199.3843326
2021/10/17,19.23886947,19.23886947,19.23886947,19.23886947,19.23886947,19.23886947,19.23886947,19.23886947,19.23886947,19.23886947,192.3886947
2021/10/18,20.59185083,20.59185083,20.59185083,20.59185083,20.59185083,20.59185083,20.59185083,20.59185083,20.59185083,20.59185083,205.9185083
2021/10/19,20.57710968,20.57710968,20.57710968,20.57710968,20.57710968,20.57710968,20.57710968,20.57710968,20.57710968,20.57710968,205.7710968
2021/10/20,19.87882773,19.87882773,19.87882773,19.87882773,19.87882773,19.87882773,19.87882773,19.87882773,19.87882773,19.87882773,198.7882773
2021/10/21,20.54762738,20.54762738,20.54762738,20.54762738,20.54762738,20.54762738,20.54762738,20.54762738,20.54762738,20.54762738,205.4762738
2021/10/22,19.16516371,19.16516371,19.16516371,19.16516371,19.16516371,19.16516371,19.16516371,19.16516371,19.16516371,19.16516371,191.6516371
2021/10/23,17.09659556,17.09659556,17.09659556,17.09659556,17.09659556,17.09659556,17.09659556,17.09659556,17.09659556,17.09659556,170.9659556
2021/10/24,15.02930926,15.02930926,15.02930926,15.02930926,15.02930926,15.02930926,15.02930926,15.02930926,15.02930926,15.02930926,150.2930926
2021/10/25,12.96138203,12.96138203,12.96138203,12.96138203,12.96138203,12.96138203,12.96138203,12.96138203,12.96138203,12.96138203,129.6138203
2021/10/26,13.63146351,13.63146351,13.63146351,13.63146351,13.63146351,13.63146351,13.63146351,13.63146351,13.63146351,13.63146351,136.3146351
2021/10/27,13.61736328,13.61736328,13.61736328,13.61736328,13.61736328,13.61736328,13.61736328,13.61736328,13.61736328,13.61736328,136.1736328
2021/10/28,16.33934901,16.33934901,16.33934901,16.33934901,16.33934901,16.33934901,16.33934901,16.33934901,16.33934901,16.33934901,163.3934901
2021/10/29,15.6391443,15.6391443,15.6391443,15.6391443,15.6391443,15.6391443,15.6391443,15.6391443,15.6391443,15.6391443,156.391443
2021/10/30,16.30858486,16.30858486,16.30858486,16.30858486,16.30858486,16.30858486,16.30858486,16.30858486,16.30858486,16.30858486,163.0858486
2021/10/31,16.29448463,16.29448463,16.29448463,16.29448463,16.29448463,16.29448463,16.29448463,16.29448463,16.29448463,16.29448463,162.9448463
2021/11/1,13.54365752,13.54365752,13.54365752,13.54365752,13.54365752,13.54365752,13.54365752,13.54365752,13.54365752,13.54365752,135.4365752
2021/11/2,13.52763453,13.52763453,13.52763453,13.52763453,13.52763453,13.52763453,13.52763453,13.52763453,13.52763453,13.52763453,135.2763453
2021/11/3,15.56543854,15.56543854,15.56543854,15.56543854,15.56543854,15.56543854,15.56543854,15.56543854,15.56543854,15.56543854,155.6543854
2021/11/4,14.86651567,14.86651567,14.86651567,14.86651567,14.86651567,14.86651567,14.86651567,14.86651567,14.86651567,14.86651567,148.6651567
2021/11/5,11.43150684,11.43150684,11.43150684,11.43150684,11.43150684,11.43150684,11.43150684,11.43150684,11.43150684,11.43150684,114.3150684
2021/11/6,8.679397894,8.679397894,8.679397894,8.679397894,8.679397894,8.679397894,8.679397894,8.679397894,8.679397894,8.679397894,86.79397894
2021/11/7,10.03302018,10.03302018,10.03302018,10.03302018,10.03302018,10.03302018,10.03302018,10.03302018,10.03302018,10.03302018,100.3302018
2021/11/8,7.966374792,7.966374792,7.966374792,7.966374792,7.966374792,7.966374792,7.966374792,7.966374792,7.966374792,7.966374792,79.66374792
2021/11/9,10.00353788,10.00353788,10.00353788,10.00353788,10.00353788,10.00353788,10.00353788,10.00353788,10.00353788,10.00353788,100.0353788
2021/11/10,9.304615006,9.304615006,9.304615006,9.304615006,9.304615006,9.304615006,9.304615006,9.304615006,9.304615006,9.304615006,93.04615006
2021/11/11,9.289873854,9.289873854,9.289873854,9.289873854,9.289873854,9.289873854,9.289873854,9.289873854,9.289873854,9.289873854,92.89873854
2021/11/12,8.590950984,8.590950984,8.590950984,8.590950984,8.590950984,8.590950984,8.590950984,8.590950984,8.590950984,8.590950984,85.90950984
2021/11/13,7.892028113,7.892028113,7.892028113,7.892028113,7.892028113,7.892028113,7.892028113,7.892028113,7.892028113,7.892028113,78.92028113
2021/11/14,5.140560087,5.140560087,5.140560087,5.140560087,5.140560087,5.140560087,5.140560087,5.140560087,5.140560087,5.140560087,51.40560087
2021/11/15,3.758096417,3.758096417,3.758096417,3.758096417,3.758096417,3.758096417,3.758096417,3.758096417,3.758096417,3.758096417,37.58096417
2021/11/16,4.426896065,4.426896065,4.426896065,4.426896065,4.426896065,4.426896065,4.426896065,4.426896065,4.426896065,4.426896065,44.26896065
2021/11/17,6.465340988,6.465340988,6.465340988,6.465340988,6.465340988,6.465340988,6.465340988,6.465340988,6.465340988,6.465340988,64.65340988
2021/11/18,7.134140636,7.134140636,7.134140636,7.134140636,7.134140636,7.134140636,7.134140636,7.134140636,7.134140636,7.134140636,71.34140636
2021/11/19,6.434576846,6.434576846,6.434576846,6.434576846,6.434576846,6.434576846,6.434576846,6.434576846,6.434576846,6.434576846,64.34576846
2021/11/20,6.420476613,6.420476613,6.420476613,6.420476613,6.420476613,6.420476613,6.420476613,6.420476613,6.420476613,6.420476613,64.20476613
2021/11/21,6.405094542,6.405094542,6.405094542,6.405094542,6.405094542,6.405094542,6.405094542,6.405094542,6.405094542,6.405094542,64.05094542
2021/11/22,9.127080265,9.127080265,9.127080265,9.127080265,9.127080265,9.127080265,9.127080265,9.127080265,9.127080265,9.127080265,91.27080265
2021/11/23,9.112339113,9.112339113,9.112339113,9.112339113,9.112339113,9.112339113,9.112339113,9.112339113,9.112339113,9.112339113,91.12339113
2021/11/24,9.7824206,9.7824206,9.7824206,9.7824206,9.7824206,9.7824206,9.7824206,9.7824206,9.7824206,9.7824206,97.824206
2021/11/25,10.45122025,10.45122025,10.45122025,10.45122025,10.45122025,10.45122025,10.45122025,10.45122025,10.45122025,10.45122025,104.5122025
2021/11/26,9.752297376,9.752297376,9.752297376,9.752297376,9.752297376,9.752297376,9.752297376,9.752297376,9.752297376,9.752297376,97.52297376
2021/11/27,9.736915305,9.736915305,9.736915305,9.736915305,9.736915305,9.736915305,9.736915305,9.736915305,9.736915305,9.736915305,97.36915305
2021/11/28,8.353810716,8.353810716,8.353810716,8.353810716,8.353810716,8.353810716,8.353810716,8.353810716,8.353810716,8.353810716,83.53810716
2021/11/29,6.970706127,6.970706127,6.970706127,6.970706127,6.970706127,6.970706127,6.970706127,6.970706127,6.970706127,6.970706127,69.70706127
2021/11/30,6.273065096,6.273065096,6.273065096,6.273065096,6.273065096,6.273065096,6.273065096,6.273065096,6.273065096,6.273065096,62.73065096
